index,Dimension1,Dimension2
foul,6.73281102445e+16,6.39476020113e+16
four,-7.93449851987e+16,-8.52900763637e+16
hanging,3.25909221776e+17,5.80950952083e+17
marching,5.76390700193e+14,-3.62869856073e+16
increase,6.21655906831e+16,4.92605469723e+16
midafternoon,4.58931072801e+16,-1.48630891795e+17
mutinied,6.63798699798e+15,-4.30651651692e+16
lord,3.53371216232e+16,1.60870780252e+16
sinking,4.75242516627e+16,3.35448161987e+16
leisurely,-9.83366540993e+16,-6.92731189981e+16
politician,3.68102788808e+16,1.23320606233e+16
stabbed,3.06200089844e+17,-2.02557228713e+17
bringing,-1.23238195712e+16,2.73037677206e+16
disturb,3.24789898774e+16,2.70492864301e+14
prize,1.08424251298e+17,-1.41443170719e+16
wooden,4.17575362999e+15,1.82246094699e+16
clientele,-6.28357947775e+16,3.66188484956e+16
succession,-4.20012015155e+16,3.70267206347e+14
straight,-3.22215560421e+15,-1.61727887429e+16
tired,1.37683002276e+16,1.08877891083e+17
lefford,3.02825280348e+17,1.50089410785e+17
bacon,6.67966613324e+16,2.85962579266e+16
elegant,4.84341813995e+16,-2.36270747076e+16
second,4.56862394466e+18,1.95288198327e+18
sailed,-8.09798039933e+16,-6.83164203112e+15
ruthless,-5.02904726629e+17,1.73260458965e+17
thunder,6.43803891194e+16,1.65121266411e+16
cooking,1.90217595853e+16,1.96077001218e+16
contributed,1.17108211609e+17,1.80207565153e+16
resilient,1.52387733294e+16,5.63554988832e+16
succumb,1.10501309252e+16,3.61862184758e+16
hero,-8.73267954646e+16,-1.35568983188e+17
interrupting,-3.25199346638e+16,5.57024209972e+16
here,-1.69650061178e+17,1.2219648307e+17
substance,-4.12661252025e+17,2.20505628913e+16
k,-7.26809751727e+15,-1.49948787399e+16
climbed,6.7704531397e+16,7.01030289669e+16
military,2.03978477894e+16,9.33149707565e+16
climber,3.8125183386e+16,-7.55968011767e+15
diplomat,-1.94807555879e+17,3.42027414138e+15
appropriately,1.94618262742e+17,-5.47560729725e+16
divide,-5.26291195107e+16,1.61871769859e+16
explained,1.26711297686e+16,-9.2377003807e+16
replace,-4.28716946511e+16,2.59884661721e+16
brought,1.90474491757e+16,9.11749723299e+16
stern,1.41963367531e+16,-1.04548214042e+15
cheating,1.95182139413e+16,2.01519432913e+16
spoke,7.37809854443e+15,-6.36033758993e+14
cannibal,2.45305557427e+16,5.63799634473e+16
occupying,1.04434503851e+16,6.50965794013e+16
untie,1.21078111131e+16,2.03249599068e+16
strike,2.54042524369e+15,7.20345747593e+16
sideface,7.63479124938e+15,1.26397949833e+16
holy,7.2061528291e+16,2.35043065219e+16
relax,3.15528422084e+15,1.77211382588e+16
successful,7.89088913621e+15,2.44146965664e+15
brings,-2.38687541837e+16,-8.81858766791e+14
hereby,1.62698032437e+16,1.99787754304e+16
hurt,-3.96698940836e+16,1.11911279364e+17
glass,-4.05337595524e+16,3.63418236098e+15
hole,2.58220241434e+17,-3.41654660082e+17
hold,5.30473481142e+16,2.4862222691e+16
simper,-2.29396221732e+17,-1.29910203789e+16
benjens,-4.07277559015e+16,1.62282601158e+16
pursue,-5.91717002543e+16,-2.98932197334e+16
zhoan,4.60148160685e+16,1.28204606918e+16
blade,-1.0509633761e+16,1.08561970864e+16
plunged,4.10203545046e+16,1.0172098341e+16
sweeter,3.26594711115e+16,8.91643725544e+15
rework,2.78221410542e+16,1.10718122719e+17
example,-5.33091020436e+16,3.72970273739e+16
triple,-3.8134426062e+16,8.14881249313e+16
organized,3.47827723332e+16,1.35175711463e+16
caution,6.75903618243e+15,9.82532719935e+15
want,8.65856598006e+15,6.79014589791e+15
counseling,1.30623328709e+16,1.60123707352e+16
mymother,1.33022427192e+17,-1.23795963192e+17
cocksucker,5.98967451133e+16,-7.65288412921e+15
absolute,-3.94004523429e+15,4.09121518467e+16
hog,1.0342019579e+16,9.36304787123e+15
complaining,2.69740401585e+16,8.44134762399e+15
travel,-5.0580164337e+16,3.75539852799e+16
copious,5.97895999212e+16,-7.32365070449e+16
undying,3.87466167188e+16,-3.07798946937e+16
hot,6.5918559156e+16,1.34417330169e+17
retreating,1.67535834198e+16,7.93608664051e+15
beauty,5.17546576852e+17,-1.40701335275e+18
swing,7.18388595885e+16,2.09458025779e+16
despondent,3.0589501409e+16,2.9914221855e+16
outlawed,8.02994648631e+16,-4.70479939035e+15
wrong,1.84916664477e+16,2.05190675167e+16
barristan,9.30698982411e+15,2.004986362e+16
huhuh,8.34175904853e+16,1.65583967695e+16
attracts,2.79567591929e+17,-1.1378755035e+17
revolt,4.21881025535e+16,-5.48703155939e+15
sickening,9.64692741699e+15,6.24561269219e+16
tulip,2.72939736164e+18,4.84196308118e+18
viserys,2.89389902629e+17,-8.50677166201e+16
wing,1.01856049469e+16,3.11568452543e+16
wind,6.14209501236e+16,6.66013396473e+17
wine,-4.70773535565e+15,5.64832871809e+15
dreamed,4.68232797509e+17,1.20418024175e+17
patricide,5.7748859176e+16,7.61347679396e+15
profaned,4.9224052832e+16,1.67676905789e+17
rewarded,-7.91641681573e+16,9.20891422488e+16
fit,8.72915283408e+16,1.57107349541e+16
allisers,1.60480666615e+17,2.73032936944e+16
screaming,1.09205190549e+16,2.94169820683e+16
fix,8.27000182176e+16,-1.22158856179e+17
dedicate,3.58120825766e+16,-7.9864903856e+16
fig,-4.42762189697e+16,-1.32761070712e+16
mewling,1.02211320117e+17,1.3497398281e+17
hidden,1.47783580118e+17,4.53329058467e+16
admirable,1.34017711434e+17,6.00253142418e+16
easier,1.10837773635e+17,1.553608622e+16
hghar,1.37761783916e+16,-1.12958280792e+17
commemorate,3.15840275793e+17,-2.76693834753e+17
educating,-2.62222671902e+18,-1.07996413426e+18
interrupt,1.25457639589e+17,3.01031110498e+16
blink,2.33619026044e+16,3.81937792523e+16
silver,3.33187959285e+16,2.248047688e+16
structural,3.36574728611e+16,4.04465044271e+16
represents,-1.72630942912e+17,-1.51630484301e+16
jaehaerys,-1.00455525869e+18,-2.53550484953e+17
theons,5.10040855212e+16,7.47869749068e+16
arrow,-9.23518865928e+14,3.02586854481e+16
armourer,-1.67335830437e+18,8.15263861359e+16
burial,-3.94634308385e+16,-1.02821352297e+16
whim,3.0080877296e+17,3.8684514334e+17
financial,-4.37290621133e+15,1.22692434581e+17
spider,-3.20291593726e+16,-1.7773655538e+17
longclaw,2.39090129343e+17,-6.40566113093e+16
turnip,3.08251354127e+17,6.25454047578e+17
fortnight,-1.60901763749e+16,4.59592446686e+16
mutineer,-1.3482442589e+17,2.06985787617e+16
wyllis,-1.73118227627e+17,-3.18433742169e+17
message,1.01416031746e+17,-8.35179983263e+17
whip,-1.30950467365e+17,5.13859401323e+16
misfortune,-4.976982932e+16,-1.7834449599e+17
whoosh,4.02075276453e+15,-6.28987774088e+15
mason,9.74179242795e+15,-2.14387907393e+16
rd,2.11661864343e+17,-3.21928931174e+17
archmaester,2.42056347899e+16,2.0087748293e+16
ro,6.30603436482e+16,1.14800108837e+16
outburst,5.2816398661e+17,1.05778048139e+18
foundation,8.6166675091e+14,1.45436539498e+17
assured,1.24329574121e+17,-2.92530072525e+16
waddle,3.92650452972e+16,-2.62780129106e+17
threatened,-8.59708097765e+16,-2.48043730141e+16
assures,1.90531691524e+15,-8.1943608644e+15
aggar,6.22594402491e+16,4.12868093305e+16
crowned,1.12625258071e+16,1.2946887044e+17
tobho,2.95043292808e+15,5.46970260374e+16
ate,-6.65218796314e+16,-1.66833559476e+18
ath,1.64407482258e+16,2.03023073242e+16
shipped,4.86544046181e+16,2.64574763153e+16
disturbed,5.55438855937e+16,3.52795172824e+15
tempting,2.63143791284e+17,8.26953620754e+16
minge,4.20191612282e+16,4.79569943959e+16
subtlety,-3.32415355134e+16,8.10695597176e+16
wash,-2.04252955353e+17,1.76807277342e+16
instruct,2.80581620135e+18,1.85667312812e+18
bitten,3.3524053848e+16,1.97852195672e+16
zala,3.30496575323e+16,3.94170631358e+16
whorehouse,2.74996278964e+16,2.37277851236e+16
timid,-6.1864879304e+15,5.67042690212e+16
engagement,5.56668984218e+16,5.11636634388e+16
needed,-1.24151489795e+16,3.82015591792e+16
master,4.22487698479e+17,-1.4041525497e+17
bitter,-2.26561075948e+16,-1.08196852164e+16
ranging,4.92664616302e+16,-4.13513591169e+15
listen,-1.98191952874e+16,2.82873187245e+16
lorch,4.89928395986e+15,2.23161136975e+16
collapse,1.7962530711e+16,-8.56145320702e+15
hows,7.93617826536e+16,6.02790951759e+15
highgarden,-3.21792861658e+16,-3.1160572695e+16
wisdom,3.55773715867e+16,2.15926730195e+16
predictable,7.63410037442e+16,-2.27664072262e+18
crawl,-5.94819851399e+15,4.54407313667e+16
positively,2.21671674065e+15,2.97988109089e+16
showed,-3.48607867509e+16,-5.39093231482e+16
coward,1.10785912592e+17,9.5567143652e+15
tree,-5.16682094127e+16,1.63960382248e+16
whinging,-1.07124014539e+16,-2.05006241812e+16
shower,-1.41578723651e+17,1.13727065784e+16
idle,6.81812723456e+16,7.80831243022e+15
endure,2.32060296647e+16,9.06588702565e+16
profitable,-6.11672332428e+16,2.49336158233e+16
feeling,-6.86842945672e+16,4.07162619057e+16
groaning,9.14440199354e+16,4.4799485897e+16
longs,9.53941410812e+15,3.82254797829e+16
untrained,-2.01745772329e+16,2.0854884906e+16
tether,5.4269472912e+16,4.15400308272e+17
dozen,4.74791241531e+16,4.9348646987e+16
responsible,-2.44496709427e+16,5.07380834403e+15
instructs,1.21499896844e+17,3.6502386704e+17
amusing,-3.57627114809e+16,-9.93250629723e+17
britches,1.88811296565e+17,2.15834494952e+17
season,1.26399895146e+16,5.02135338687e+16
eastwatch,1.97522644519e+16,4.04919307919e+16
horselords,1.01146807722e+17,5.56518013722e+16
howd,-5.57166249952e+16,-1.38922254097e+17
shall,1.53948809683e+17,1.17716351117e+17
huh,1.11960165558e+17,1.88299472335e+16
aegons,1.83875913151e+16,1.13686913889e+16
toil,-1.15361249682e+16,1.06409449573e+16
mouth,3.82199921611e+16,1.83321200184e+16
letter,6.33838881961e+16,4.59183767049e+16
singer,4.85474280672e+16,1.95496819238e+16
episode,1.17493756559e+17,5.30111126416e+16
rayder,-4.60471104906e+17,-6.29988929999e+17
consummate,-1.12100079825e+17,2.0838107839e+16
mating,1.96346052827e+16,-9.8193477005e+15
tirelessly,5.08743007455e+16,1.15017272714e+16
came,1.96786814157e+17,1.4748937266e+16
saying,-3.99078027104e+16,9.04808937069e+16
fennel,3.01655724185e+16,8.42205423955e+16
tempted,1.45762708938e+16,-4.45761632322e+15
abreast,3.87239340466e+16,4.90324982807e+15
busy,4.34048238016e+16,4.30285629208e+16
theme,-8.32606081247e+16,-6.93904764565e+14
touched,8.64378631345e+16,2.72154809778e+16
rich,3.35480962158e+16,1.38361510839e+16
plate,2.90974870518e+16,9.14241029989e+16
petrified,1.71496980489e+16,5.88268734933e+16
foremost,-6.58649317323e+16,-2.23423244834e+17
pocket,7.72189251777e+14,-4.04658915024e+15
reversal,-1.23431289607e+16,4.21463790899e+15
altogether,6.40500057937e+15,4.23178099009e+15
blistered,-1.35238855792e+16,-6.88246642913e+14
spilling,-1.44426905395e+16,-1.34388195022e+16
nicely,5.7996942484e+16,4.77202865322e+14
dipping,1.85266122165e+17,-1.00467073273e+17
piggy,-3.3467730248e+15,1.96929734554e+15
release,-4.23608372106e+16,9.42310461902e+17
respond,1.51136118831e+16,2.52634972371e+16
blew,1.36666388176e+17,1.02012694344e+17
fair,-7.80605453928e+16,-2.66597157273e+17
bled,3.6785881822e+16,1.49046766022e+17
result,2.84997487692e+16,3.97192204426e+16
fail,1.10801779635e+18,-2.3692618226e+18
nocturnal,-3.15853304449e+16,7.72233111168e+16
hammer,-1.01042703979e+16,-8.0313740872e+15
best,2.91301105323e+17,1.02591208323e+16
score,5.50268392222e+16,-5.28159200451e+15
pirate,-1.38067235944e+16,1.89121205335e+16
wage,1.27639035011e+17,-2.7537423202e+16
men,2.88089734284e+16,1.09618558599e+16
khaleesi,2.121007156e+16,3.71508490573e+16
extend,1.74136846351e+16,6.87971699577e+16
nature,-7.40993170679e+15,-4.26150862191e+16
rolled,3.55478368775e+15,2.2032052609e+15
smelled,3.15259224974e+17,-2.76420047077e+17
lapping,-2.1127246985e+17,-1.45583429545e+17
souvenir,6.12806716033e+16,-6.15830312919e+16
extent,9.16114989265e+16,-1.58284013868e+17
tyrion,1.81305546989e+16,5.76329401023e+16
debt,8.73602508964e+15,7.70681017637e+16
pity,3.66065546208e+15,1.58463526774e+16
accident,-6.42860824106e+15,1.00415998664e+16
weirwood,9.85256348486e+16,2.87298353307e+15
country,1.36242698367e+17,1.31278813125e+17
adventurer,-3.80247391027e+15,-3.44036177564e+14
demanded,4.8865728223e+16,4.94119849339e+16
planned,3.914879443e+16,3.89920536439e+16
logic,1.99793689157e+16,-1.04824097933e+16
argue,-7.72611118624e+16,-1.72557055578e+17
asked,3.05406364997e+15,5.54574674071e+15
vain,2.25212459367e+16,-1.45017132829e+17
blonde,-1.64453289035e+17,-1.50736920306e+17
shouting,7.1497095179e+16,3.82062182792e+15
union,1.31268207802e+17,-1.67435244239e+17
slay,-5.08306531911e+16,-7.41706308879e+16
muck,-9.13031293613e+17,-2.79543656059e+16
much,-2.73834429901e+17,-1.42803854489e+16
privilege,4.53698441184e+16,2.99285783216e+16
tallest,1.49005418206e+16,2.66620849057e+16
life,3.19216450235e+17,4.59777560341e+16
lodock,1.22735594916e+16,-2.20544526295e+16
spit,-3.31811669331e+15,7.38320812171e+16
eastern,1.2375846868e+16,1.35383955139e+16
jeor,1.56574442388e+16,3.17526963478e+16
davy,-2.44022997947e+17,-4.75011690483e+17
wish,3.33538898884e+16,1.06752448325e+16
lift,1.28726126687e+17,5.36328011841e+16
direwolf,6.7665090407e+16,2.29239994805e+16
child,-1.08848779144e+17,-2.92898009353e+15
worked,7.42055602479e+16,6.03701822327e+16
cunt,1.12660726309e+16,9.7904662929e+16
employ,4.31342727828e+16,5.09751050867e+16
contemplates,-1.58546790106e+17,4.59136728458e+16
flooding,-9.40890927497e+15,-3.09996248205e+15
picturing,-6.65266636449e+16,-2.47897619474e+16
remembering,7.16047202085e+16,1.46054354665e+17
congratulation,8.20901472018e+16,1.58228107639e+16
played,2.05029811216e+16,1.22657981499e+17
cersei,6.36210730529e+15,3.2817781301e+16
locksmith,8.83080197282e+16,-4.89269100056e+17
obeying,1.59908796518e+16,1.20976579006e+16
player,-9.26136361808e+16,5.84633791579e+16
trusted,-3.37248990405e+15,2.6892734931e+16
severity,1.24761967715e+16,3.42516597426e+17
tarth,4.3783831511e+16,4.41461007537e+16
yellow,3.82012421389e+16,3.43414800891e+16
thievery,5.89395275423e+15,-2.2770204024e+16
rebellion,-6.99449055831e+16,1.91471702451e+17
clucking,9.48042036525e+16,1.41043759712e+16
harmony,5.2155211332e+17,2.16825899185e+17
fairly,1.87195794727e+16,7.82845158985e+15
boiled,-1.21583220391e+17,-1.44788191876e+17
marched,-3.61620651567e+16,3.16968002957e+16
supper,2.93835762132e+16,4.00398403934e+16
therell,1.87564835767e+17,9.24970902823e+16
metalwork,6.78009409609e+15,6.04205915079e+16
tune,6.8257520929e+16,5.01541927785e+16
tarleys,3.87046539206e+16,2.67874207611e+16
intrusion,6.23402564841e+16,8.35680758232e+16
noblewoman,1.98807781748e+17,-1.77683702735e+17
eagle,2.58426256184e+16,3.87865342966e+16
towheaded,1.01214938714e+16,3.86692264632e+16
bellow,4.97802279339e+17,1.59898702481e+18
golden,-1.07778350404e+17,2.58903101168e+17
forsaken,9.82365183277e+16,1.79506334419e+16
plight,2.48337226931e+17,4.84355309717e+16
hal,6.30729467465e+16,-3.77768758764e+16
ham,1.88036076309e+17,1.24175413919e+16
ease,2.89367062626e+16,5.37485915486e+16
hay,2.19168198162e+16,1.576643176e+16
innocent,6.37040281643e+16,1.06430147443e+17
prison,8.38666805649e+15,-4.50683604953e+16
east,-2.57260545456e+17,-7.60463967413e+17
hat,5.98173467336e+16,3.45467074259e+16
hightower,6.25759947944e+16,1.96366119023e+16
survival,1.56812449647e+16,1.6933672209e+16
possible,-8.64383760604e+16,-3.81451535246e+16
possibly,6.01871826133e+15,2.13558765498e+16
birth,3.1163892483e+15,4.95353713578e+16
shadow,5.86911541783e+15,7.98054733941e+15
unique,-6.98493172295e+16,1.15279494188e+17
desire,-2.21096196915e+16,1.47627285273e+16
remind,-2.88378321673e+16,9.81212987831e+16
battlefield,7.71512645858e+16,1.10457439214e+17
right,5.11613701683e+16,7.23401552371e+16
old,-6.95745964613e+16,1.70590285282e+16
crowd,1.84625919521e+16,1.33273036487e+16
people,2.41009742534e+17,2.73968496558e+16
macabre,-7.24240534273e+16,4.22411917366e+16
crown,2.71361963038e+17,9.36003661547e+16
captive,-5.5463436996e+16,-6.15414835028e+16
warring,3.27274835046e+17,9.66391597042e+16
bottom,-2.12225624184e+16,-2.61951862952e+16
rehearse,6.24107970208e+16,-1.62359620542e+17
fox,1.38124825647e+17,-1.83380953954e+17
witty,1.82277251125e+17,4.12539409534e+16
foe,5.70547078367e+16,-1.22274595755e+17
summoned,7.19081560164e+16,2.03564286659e+16
umi,8.19054949771e+16,3.98378693483e+16
pinched,4.2398242948e+16,1.74144018276e+16
yoke,-2.65789005468e+16,-2.79420610691e+16
defensive,-3.1382921133e+16,-2.97211857624e+16
losing,-2.71551894001e+17,1.12655305772e+16
memorable,-9.6969745037e+16,-1.01405315986e+16
bowing,1.60375747667e+17,8.16763501673e+16
grievously,-6.10943764433e+16,-2.97492614062e+15
o,-4.39272641846e+16,3.74740087287e+16
despair,-5.69351217649e+16,1.00914038051e+16
slightly,2.71684901391e+16,1.71104098818e+16
match,-1.37429487279e+16,6.80523175575e+14
lamprey,7.25406676075e+16,7.02218667637e+16
raised,-1.78383625324e+16,4.83479469313e+16
watering,-1.03791971087e+17,3.10597782127e+17
tyrell,8.8077683492e+16,1.52720803449e+16
son,5.6916481435e+16,1.25820528142e+16
thankful,-1.09127839275e+15,4.2919604684e+16
consummated,3.18943322185e+16,-4.3288127015e+15
sow,3.52724647435e+17,1.8353591809e+16
wrap,1.38598796075e+17,-6.46064297395e+17
despised,-3.82228631152e+17,-8.49793037325e+16
fabric,1.6966575355e+16,1.81995952178e+16
suffice,6.04844696908e+15,-7.24920288588e+15
tame,5.04623098865e+16,8.19861470512e+15
grasping,1.71679063499e+16,2.80824198686e+16
despises,1.16496373798e+16,2.22571901102e+16
greatness,1.43327321573e+17,-3.84841446939e+17
music,-4.82544142252e+17,4.90392141858e+16
thoros,-2.93014546263e+17,1.46531583068e+17
underestimated,2.76736853474e+17,4.27365936599e+17
offer,6.93589657228e+16,9.05471491518e+16
shireen,5.00256481379e+16,5.67891808038e+16
perfumed,8.60863695153e+15,4.3079745464e+16
matthos,1.2843968812e+16,1.87714012061e+15
duel,-9.50564559943e+13,5.36860411737e+16
inside,2.68966905375e+16,-1.18581344501e+16
morning,-1.21913462623e+16,-3.79124366984e+16
vanguard,8.54766839257e+16,-7.67297212017e+16
pest,1.02835868632e+16,1.80026935215e+16
torturing,-3.95188066756e+16,5.02267900213e+16
smashed,1.97659925634e+16,4.76206084622e+16
juvenile,-1.84180123012e+16,7.23488542477e+16
later,5.47483945935e+16,1.73385796667e+16
proved,6.12124288426e+17,-1.62315322152e+17
arwyen,-4.57784454037e+15,2.47840127816e+16
tournament,-1.08688586861e+17,1.32992647574e+16
proven,9.4419560061e+16,1.29555451227e+17
meros,-1.45471796383e+16,-3.70301132798e+16
soothe,6.47436880322e+16,1.26075176307e+17
exist,-4.37934098998e+16,9.91613336245e+15
accounting,2.01581178142e+17,1.86316064292e+16
floor,-6.4616849894e+16,3.02034748772e+16
actor,3.49025997889e+15,-6.90887588047e+16
uttered,9.08880111856e+15,-4.90515730312e+16
flood,-1.76385658681e+17,3.25006379235e+17
underfed,2.42882584144e+15,7.96088930006e+16
role,2.97838448646e+16,3.51906956275e+16
ambitious,4.92140991625e+16,1.44609082117e+17
smell,1.14542739342e+17,2.13069389019e+17
roll,-1.62447899291e+17,7.61400407382e+16
intend,-7.15686642702e+16,1.17360618019e+16
corbray,-2.24790965714e+16,2.34426017278e+16
ointment,8.54875472161e+15,-5.62294297958e+16
scream,-2.74204762412e+17,-2.63012264391e+18
acquaintance,-2.30009659959e+17,-5.93990301453e+16
giantsbane,-1.10171570435e+17,-6.44773835361e+16
cleaver,-1.2912768356e+17,-3.15588220206e+16
daugters,3.29695142966e+16,7.88494870181e+16
warn,-3.61350495912e+16,1.2824432436e+16
pycelle,1.09416479356e+17,5.75924255842e+16
sniffed,1.08502238728e+17,-1.26161595431e+16
quandary,1.38385012777e+17,1.31927938651e+17
time,-2.32677432548e+16,-4.68791654762e+16
push,2.71027679777e+16,4.40902843522e+16
someplace,7.4162409866e+16,2.74648242331e+16
dotes,6.91755056124e+16,6.33679307269e+16
gown,-1.98087149557e+16,1.88257622881e+16
chain,6.02260652189e+16,5.03298945647e+16
whoever,1.95767145541e+16,4.64875317854e+15
warg,4.83401490117e+16,-1.20167030624e+17
chair,-2.65181246954e+17,-1.27849738792e+17
midst,5.0802900946e+16,1.61821778377e+17
quartered,1.19083448074e+17,1.76076080174e+16
lothar,3.05824485729e+15,-5.95385260196e+15
choice,-1.69446612322e+16,1.70810893789e+15
mourn,3.58510387558e+17,2.09194492174e+17
locked,-2.19035038488e+16,-6.25358832509e+16
exact,7.61409224553e+15,1.02550034716e+16
minute,-7.66090689611e+15,-2.49865719369e+16
tear,2.84332822118e+16,1.5297816188e+16
teat,6.68272032084e+15,3.42251105751e+16
pea,-1.35893751119e+16,3.62330411314e+15
leave,-1.14179787107e+17,2.84318410956e+16
settle,4.97013603372e+16,2.95672370598e+16
stockade,-1.38530976144e+15,1.80835289912e+16
team,-8.2057559186e+16,7.60124972864e+16
bonfire,2.80331949888e+17,-3.13984754394e+18
accomplishment,-1.54730343679e+16,5.2228263826e+16
sigh,5.11461868926e+15,-1.31363908625e+17
sign,-8.02628053136e+16,-2.43276855838e+16
chopping,8.48080924681e+16,-3.65739885626e+16
catelyn,4.23750136632e+15,3.03895267733e+15
melt,1.55390987721e+16,2.20801593376e+16
current,-1.01801574888e+17,-6.90607892919e+16
axel,5.50117245435e+15,2.19488362413e+16
falling,-1.9889082519e+17,-7.3767176683e+15
crashing,8.01087055835e+15,5.72457181383e+15
badge,-2.31164188718e+18,1.52653745965e+18
ramming,-2.88585844015e+15,4.08232760006e+16
funeral,1.58136761614e+17,7.18805452865e+14
understanding,7.29951481399e+16,2.69486280845e+17
contemplate,4.72592340774e+16,2.82071622133e+16
address,-1.96475227798e+16,7.40907393395e+16
alone,1.13192013955e+16,5.10938176317e+16
along,-9.37478084923e+15,4.03412748598e+15
crumbles,3.44728582574e+17,-1.6048566889e+17
summerwine,9.02168764814e+16,-3.06209828929e+16
brilliant,7.48626052714e+15,2.54577784207e+16
studied,-9.4605019953e+15,-1.99247360951e+16
wherever,-3.74613094646e+17,4.98840728013e+16
commonly,1.87293650962e+16,-2.63638934631e+16
accomplished,6.315911508e+16,2.10846720665e+16
greizhen,2.62133428678e+16,3.73872005133e+15
reclaim,-2.30816218759e+15,7.59526958922e+15
nowhere,-9.80564177127e+16,1.22908169438e+17
love,-1.31531971342e+15,1.67390120483e+16
prefer,6.28911480531e+16,7.80470845861e+16
logical,7.03061167566e+17,-3.36597542934e+17
bloody,2.4417994871e+15,1.98417269264e+16
marvelous,2.00748988126e+17,7.15677290941e+16
betraying,1.24235366812e+16,9.51659124189e+16
sky,5.44084041228e+16,9.46640071121e+14
capsized,-2.7428106461e+15,3.34948814785e+16
working,-8.54853866754e+16,5.5035113999e+16
angry,2.87260968913e+16,1.58379752983e+16
blackwater,8.17756579729e+16,2.63508453386e+16
cockfighting,6.19635074737e+16,1.65648801011e+17
wondering,8.44706738617e+16,4.79832293725e+16
halfbrother,-1.14025227171e+17,6.67093740271e+16
wicked,2.64975629151e+16,3.10348377477e+16
introducing,1.28844448636e+17,6.92895568712e+16
guardsman,1.27852321631e+16,1.20703680154e+16
afford,9.16595436054e+16,1.9918200582e+17
xaros,4.44006681453e+16,5.83584994415e+16
marbled,-2.84798078334e+17,-7.43403694012e+16
everywhere,3.40201815059e+15,9.06486961482e+16
virtue,4.204566102e+15,2.54722758993e+15
behalf,1.61710253942e+16,1.44631829645e+16
honey,-2.08113414209e+17,7.27803684901e+16
valued,1.01073043829e+16,4.99814161775e+16
anything,-1.32301003692e+16,1.22952699944e+16
originally,-1.68849686177e+16,-3.04126550145e+14
pretend,2.22763610513e+17,8.83954846766e+16
privy,4.37768499842e+16,-1.34179542274e+16
believer,1.97385192983e+17,1.10812816729e+17
impasse,-6.40396314327e+16,1.35898837735e+17
believed,9.77341386053e+16,3.823028212e+16
admired,-9.8491699199e+16,4.93253156762e+16
locke,-9.42195164176e+16,1.54240974973e+17
unconsummated,-5.37752630493e+16,-1.27099696118e+16
unveiled,-7.43184316882e+16,-2.12131264602e+16
allowed,7.87716963818e+15,2.62135632919e+16
offense,1.74732746291e+16,3.64126053756e+16
stole,1.5201986139e+17,-1.25211380271e+19
evidently,-1.05243039811e+16,-2.17670684657e+16
listens,5.47861917712e+16,8.46834319485e+16
winter,-3.14093610505e+17,-5.59891246614e+16
divided,-3.11735219121e+16,6.81698896411e+16
thanking,-1.31489809426e+17,9.40305961631e+14
immune,1.84656485118e+17,8.08161582003e+16
loathe,1.32381526309e+17,8.190601817e+15
encampment,4.84510115377e+15,2.45160423445e+16
provincial,-1.11997573206e+17,-5.64831638526e+15
spot,-2.04236694176e+16,4.05901092933e+16
suck,2.07973802371e+16,1.52496200386e+16
dove,5.55322509557e+17,-2.01421465817e+17
stress,5.55547031596e+16,5.48103562286e+16
natural,8.57603890423e+16,4.15454186022e+16
blackfish,-2.62549412537e+17,4.75379551521e+16
st,1.07410873822e+16,1.89073295588e+16
swollen,6.31084203005e+17,-4.2388289054e+17
truce,7.32441004409e+17,-6.87899060894e+17
pulled,-8.9347500817e+15,1.2435794026e+16
drunken,5.88158053337e+17,1.31732425822e+18
footstep,-6.52684604083e+17,1.20754542843e+18
unacceptable,3.7564334603e+16,2.21861325337e+16
damage,5.26084687105e+16,5.31980039162e+16
course,1.86882941182e+16,3.30281432924e+15
yearn,1.64840406952e+16,5.13159695386e+16
mishear,-1.14846173327e+17,-4.09198218049e+17
lovelier,3.0062221436e+16,5.04723261166e+16
tendency,1.30130992535e+15,-8.84007788621e+14
tore,-2.12513605425e+16,2.43104441878e+16
milked,5.06867002293e+15,2.00154209698e+16
torn,8.02288650013e+16,7.2237601938e+15
stupidity,-5.54886936812e+14,-6.1154664221e+15
aerion,1.72981110779e+16,1.59595563916e+16
celebrate,-1.63263309156e+17,6.61611744454e+17
troubled,-8.69139314828e+15,-5.55571301653e+16
deviant,1.72921208781e+17,3.5323914164e+16
chaining,-3.31560587754e+17,-1.21823653789e+17
smarter,3.61424211908e+16,-1.91046582428e+17
arriving,5.16322380128e+16,5.05885496556e+16
reckoning,9.00100495028e+15,-7.92490251413e+15
shhh,8.80938177479e+16,3.48348427962e+16
maintaining,-4.68606173183e+16,4.79585319361e+16
matched,1.41761691958e+17,5.61189669158e+16
freya,-8.7961113612e+16,7.60281609229e+15
appropriate,3.16967327199e+16,4.63895406805e+16
stillborns,1.42793543919e+17,-5.6492829709e+16
fisherman,1.3664384592e+18,-7.16110228458e+17
amnesty,4.72786975275e+16,-2.09651021097e+16
quarter,-6.02736453984e+16,-2.39953269434e+16
broodmare,5.52706680974e+16,-5.39317746194e+14
square,-2.06175179064e+16,3.43387687254e+16
beloved,-3.7143530085e+17,1.74646456413e+16
entering,4.1422136275e+16,3.23571247965e+16
beetle,2.13860513826e+17,8.15886415411e+16
troll,2.29938284652e+16,1.6717584314e+16
swordsman,4.53905434765e+16,1.54089905437e+16
seriously,1.81583204255e+16,1.5331432919e+16
investigation,3.57500059602e+16,4.52404082632e+16
suggesting,8.53445898972e+16,3.98321398187e+15
facedown,2.1709347869e+16,7.6280119845e+14
siege,4.30894603248e+18,3.38284803814e+18
million,2.42799323821e+17,8.52628864972e+16
seventh,2.15411156057e+16,1.04031020881e+16
possibility,1.2224101611e+17,3.94592048028e+17
quite,2.25057503052e+16,1.54333199006e+16
complicated,2.86853416616e+15,-7.33426821168e+15
besides,1.33844160223e+17,-1.25583811565e+17
grandma,8.63288442175e+16,-1.34813995799e+15
unnamed,4.68118206899e+16,2.54624098022e+16
patronage,6.85715940904e+16,-9.55652444026e+16
training,4.74294755789e+16,1.61707272213e+16
backside,1.89196544554e+16,5.43323520532e+16
modest,5.17433785937e+16,3.66214618702e+16
nymeria,2.46474106519e+16,4.69434091825e+16
saving,1.71036034431e+17,6.05911642377e+16
spoken,-6.44657731263e+15,1.70709280564e+16
one,-1.63495534628e+16,1.6464848047e+16
reopen,4.59724890656e+16,-6.17377397179e+17
punishable,2.16655437475e+16,2.85942941484e+16
vote,1.91749862697e+16,1.5415901572e+16
open,9.90051706356e+16,3.34987111713e+17
ripping,-4.37179613543e+15,-2.33126388499e+16
partook,-4.41841663391e+16,7.10491956453e+15
city,1.50297773556e+17,1.67517910695e+17
wrath,1.9468904065e+16,2.87384543779e+16
bite,-1.75071241976e+16,3.38543289801e+16
teacher,1.28992760425e+16,-1.61878781755e+16
shiver,-2.01104402965e+17,-4.11184516119e+17
prone,2.8566336886e+16,1.63483684088e+16
shawl,-1.81187742707e+16,6.87787987276e+15
meddling,2.54411670963e+16,3.04707659516e+16
padding,-1.03343327858e+16,-2.16978922535e+16
prowling,1.72699539812e+16,3.43579262593e+16
ridiculous,1.33906553873e+16,-9.01108402425e+15
camello,4.00390192074e+14,8.34155377565e+16
third,-5.05616412469e+16,-1.39544244047e+16
cower,7.00068712364e+15,7.83049287316e+16
sandor,-1.35652782411e+17,-2.34797074854e+17
counselor,1.28673527309e+16,2.45225723456e+16
wandering,1.05976036929e+16,1.73778205182e+15
damned,2.92316546159e+16,5.7150977734e+16
prospect,1.66304545565e+16,3.87002886032e+16
addressing,-5.27023767742e+16,4.35095706261e+16
illness,-3.57979905884e+16,6.71763827329e+16
tasted,8.51204986505e+16,1.08572817107e+17
nicer,1.89825395756e+16,1.58018739003e+16
turned,-9.14540010277e+16,6.50802001757e+16
alley,6.88040367025e+16,5.71010949747e+16
sad,5.92367552958e+15,8.07029377793e+16
say,-1.31940347547e+16,-7.40793935901e+15
taster,1.27992909102e+16,8.98937063942e+15
buried,2.06941317829e+17,2.19990612266e+16
lurking,-1.70426083397e+16,-1.12765159401e+16
sap,-3.60613623537e+16,2.2843564934e+16
saw,-2.83493337337e+17,6.36649474379e+16
sat,7.96134214973e+16,1.02913319889e+16
wink,1.21605119482e+16,-4.63474987921e+15
downwards,-3.99993303883e+18,-9.86214084467e+18
aside,9.24418022622e+16,3.98242536681e+17
instructed,2.12705899613e+18,2.90715872527e+17
note,1.76209004267e+15,4.38394103121e+16
take,-4.15535729584e+18,5.80308627624e+17
mazin,-1.02981429736e+17,3.45460007259e+17
wanting,-5.26206651375e+17,-2.2250314922e+17
opposite,9.04895130968e+15,-2.8912888283e+16
squalor,8.15123583114e+16,1.85579799431e+17
knew,2.01856073019e+16,5.40829672468e+16
knee,2.63524028357e+16,2.82822892985e+16
average,-1.32176204197e+17,2.85627013958e+16
sale,3.08001464652e+16,1.82504987635e+17
defeating,6.65483292498e+16,1.59260735352e+16
crooked,5.10113831515e+16,-1.36103661031e+16
gillyflower,3.64426547914e+16,1.33754136446e+15
squint,-4.1256481329e+16,-2.08313167122e+16
butchered,4.0473407784e+15,1.64909012861e+16
salt,-1.3351437616e+16,-9.98744130511e+15
walking,-7.44613739732e+16,-2.75889099372e+16
merit,5.48985938791e+16,1.17065771252e+17
bright,-3.19747035888e+16,8.18497066454e+16
imagined,1.4378658123e+17,5.21030432224e+16
slow,5.52480053512e+16,-6.12971678545e+16
strangled,1.44484696128e+17,-2.40803222379e+17
cloak,9.11828704952e+16,-6.15718123473e+16
liberation,2.93246114894e+16,4.6285325621e+15
betrothal,3.59175858224e+16,7.87306813416e+16
going,-1.56289900164e+16,-3.17291955267e+13
dancing,1.11331668754e+17,4.4364179412e+16
outrage,2.29633571298e+17,-6.35421129285e+16
robe,-1.65349799584e+17,-1.28776724412e+16
clawing,1.87639469729e+16,4.68530292663e+16
robb,1.97020363074e+17,-4.96141604675e+17
dispute,4.08773920064e+16,6.03028220532e+16
graceless,2.66638686075e+16,-6.37176432798e+15
guarded,2.32570607796e+16,4.83671456891e+16
freezing,3.41608178726e+16,-3.25201667952e+15
clang,2.07874426601e+17,1.39210054388e+16
awaiting,-3.01111961778e+16,-2.07854139129e+16
vhag,-6.34415063301e+15,7.87532290795e+16
prime,6.11277593623e+16,5.10772191828e+16
resource,-6.45669065173e+16,4.10360283911e+16
artist,8.15843688942e+15,4.09248376498e+15
absurdly,1.81358871956e+16,3.5828719047e+16
worried,-4.17952251476e+15,9.93050757859e+15
carrion,1.11988667056e+18,-2.37807938237e+18
priest,-7.38986774206e+16,3.51579857815e+16
primp,-3.9287787076e+16,-1.71115652362e+16
vision,5.85662154328e+16,1.13260667426e+16
gout,1.46385852016e+17,2.25901800048e+17
raged,-4.32786058666e+16,-3.50335492926e+16
notice,-7.43405504025e+16,5.74557654626e+16
purest,-5.57401009291e+16,1.88192444798e+17
stannis,-3.25990982969e+17,5.43668954349e+16
mutton,-3.10811220887e+15,5.58281398168e+14
jumped,2.23760256094e+17,-1.50353030489e+17
enjoys,1.4344089151e+16,5.52193432224e+15
amory,1.04037417327e+17,1.96538669393e+17
spare,2.73781858869e+16,3.4913474793e+16
umber,-9.84592419838e+15,9.1188484588e+15
undermine,1.01888759246e+17,1.35481061157e+17
mant,5.15141024973e+16,-8.03709380336e+16
many,6.03088917183e+16,1.00749770013e+17
loudly,-9.02342654817e+16,-8.13484438774e+16
riddle,-3.26105125705e+16,8.94727631936e+16
drogo,7.0810670464e+16,6.03616586532e+15
compels,-1.16452309654e+17,-2.10749836026e+16
twin,1.34596957596e+17,2.85984820237e+16
boar,3.96787912964e+16,2.73530629752e+16
considers,9.49082138009e+16,1.13711137165e+17
boat,-8.64716931844e+16,-6.85192775445e+17
stretch,4.41724399726e+16,-3.22391800632e+17
west,5.43609800593e+16,5.62721527332e+16
expedition,4.6397147593e+16,1.09027994065e+16
breath,-2.89159353182e+15,3.82549711875e+16
combined,-9.15354779409e+15,-1.0483373248e+16
stripped,3.24052326784e+16,-8.52632896654e+16
coughing,2.56919453026e+16,2.11187815185e+16
centerpiece,1.26033580492e+15,3.54435918589e+15
observe,1.13328726521e+17,1.60321073445e+16
extant,-1.61219294482e+18,1.96156838973e+17
former,4.86840220672e+15,1.89103998199e+16
wherewithal,-4.2400027121e+17,2.01084554588e+17
fin,5.59231500754e+17,-4.70170694634e+17
straighten,-3.85661020758e+16,4.1887122165e+15
whatevers,2.98875177598e+16,4.19131012826e+15
squeezed,-3.77810920332e+17,-2.48657612226e+17
situation,-1.07167730785e+17,1.85216010224e+16
endured,-5.76412912767e+16,6.35187297345e+15
ive,-1.36171642421e+16,-2.26953760718e+16
thatll,-5.20809810456e+15,-1.33180630804e+14
purse,6.51219566305e+16,3.06894074658e+15
shevelathin,4.09531966775e+16,-2.66300762927e+16
spooked,3.24086758543e+16,1.10755851706e+16
burbling,3.53870019862e+16,-2.17979419733e+16
threatens,1.31645738576e+16,-5.23757636808e+16
damon,2.41379445162e+16,6.15290015391e+16
edged,-1.53385853131e+17,7.09277294315e+16
sickness,8.86760893146e+15,1.48382591605e+16
defy,5.86866516288e+16,-1.40282659507e+16
disown,6.82870783621e+16,4.0132761495e+16
recapture,2.56548211221e+17,3.27265142751e+17
polliver,-4.03827946519e+16,-1.34238198007e+17
summer,1.8511306609e+17,9.69106447797e+16
being,2.01420960242e+17,2.32891443986e+17
rest,7.75602574199e+16,1.42112525911e+16
overconfident,6.98084420163e+16,3.96662325185e+16
afterwards,4.11675136114e+15,-6.58060687838e+16
khalar,-1.29522814669e+17,-4.697974014e+17
sixteen,1.18727970346e+17,3.57160225595e+16
befalling,-1.07553230417e+16,-9.30280754145e+15
overthrow,6.26187391045e+16,6.72238086333e+16
haystack,5.57350736662e+16,2.23676603183e+16
starving,1.34018437994e+16,2.23687351871e+14
around,-3.55998315162e+16,3.33608905615e+16
dark,-3.16087247148e+16,4.48161480881e+16
preference,1.40699375046e+17,7.62731188561e+14
fringed,3.38934926517e+16,4.68034559917e+16
vague,4.47375758583e+15,7.67884643395e+16
bravery,-1.20253435251e+16,1.33878488324e+16
clan,-5.79311644987e+16,1.93462407435e+16
clam,-1.50656529885e+16,-6.75434268088e+15
stranger,2.23655111649e+16,4.06004319196e+16
discarded,2.38417562713e+16,1.18433400301e+16
superiority,1.31972998657e+15,4.33100878074e+16
claw,-2.33145108445e+16,-9.08794959565e+16
sorcerer,4.46113784142e+15,1.27465718951e+16
kennel,1.07870638272e+17,1.70723039596e+16
clap,1.62424025431e+17,2.28910428565e+17
grub,4.39696990346e+17,1.14431955425e+18
lobster,1.72178963926e+16,-2.91156084391e+16
divine,6.18619630906e+16,5.75758953046e+16
crabber,1.18759876745e+17,4.70685369517e+16
dimpled,3.66849517869e+16,-3.03580416106e+16
refer,1.81241911427e+16,1.91955675924e+16
clarenzo,2.62378173235e+16,1.64754665802e+16
averse,8.897725067e+16,2.41001193244e+17
power,6.39234010643e+14,1.77696798959e+17
intimate,-4.10044137789e+17,-8.02203948243e+17
hayseed,5.55317797762e+16,1.26924183665e+17
leadership,2.05662009073e+15,-2.76538226634e+17
stone,-6.87830593003e+16,6.58953016701e+16
yunkai,1.28227517359e+17,9.07821957514e+16
favorite,5.95131730921e+16,4.5461423757e+17
side,2.48444355041e+16,4.81304789025e+15
apostate,3.19697021508e+16,2.74068590401e+16
neighbor,-6.47789636392e+17,1.55920411725e+18
act,9.74453965049e+16,5.42059847019e+16
mean,2.22801126037e+16,3.00449561306e+17
stony,1.3540901096e+17,-5.38218124513e+16
widowed,-9.90317629126e+16,-6.45817965685e+15
chivalry,1.09397302184e+19,-5.41420233405e+18
shapely,-3.13448790872e+17,-2.37814995776e+17
burning,4.98152490032e+15,1.64684364713e+16
interruption,1.80623850284e+16,4.64505161761e+16
antidote,9.36139542991e+14,1.19276593811e+16
apologize,2.21657108736e+16,-1.80296438507e+16
pivot,1.35568112955e+16,-6.37324486942e+16
trussed,-4.68552538093e+16,-5.41484691073e+15
hey,-1.46584905231e+16,3.35665590558e+16
hed,-2.20071139327e+15,1.53282908227e+17
lhazareen,4.6115875128e+16,3.00378984988e+16
mindless,6.14049691088e+16,-2.57975655281e+17
sealed,1.66024338922e+16,2.66216042241e+16
hen,2.6428337574e+17,1.60202450232e+17
survives,1.30968920135e+15,-4.75580211545e+15
recommends,1.2872529976e+16,-7.20666707956e+16
complete,-3.97049871454e+16,-6.24510610759e+14
survived,-1.8484180748e+16,5.60986787225e+16
whinny,-3.6820355691e+16,-2.8613265634e+15
buying,-8.42767088827e+16,-2.58365651e+17
handsome,-2.09546459099e+17,-5.63889720632e+17
abused,-2.26932398128e+18,2.38657048258e+17
pull,-9.79525051125e+16,2.33335478511e+16
rush,-3.15098204947e+16,2.20566080721e+16
rage,2.07037882301e+17,5.25516451196e+16
browbeaten,-4.52809426974e+16,-2.24925302614e+16
balons,-5.77574451638e+15,3.65933451009e+16
dirty,-1.19956001955e+17,1.3155328484e+16
agree,5.85351854789e+16,4.72206195058e+16
darker,-4.38065540701e+18,3.70923734837e+16
detailed,4.91126578184e+16,2.00253401606e+16
gone,-2.8633785904e+16,1.11649017431e+16
fright,8.16797495805e+15,-2.90461687839e+16
exhausted,4.32211804985e+16,-2.23806887919e+16
ah,4.86014198797e+15,2.31640503829e+16
stealing,6.40141777622e+15,-7.95322374811e+15
al,3.75242088053e+16,3.26568522512e+16
wartime,5.49360327986e+15,-5.03683928538e+15
watcher,1.63630720545e+17,8.09859106934e+16
behest,9.10922617046e+16,6.57166707094e+16
as,1.03645272667e+17,1.55979076373e+17
carved,1.21017998435e+17,-2.15189111385e+16
midwife,2.77681994938e+17,1.54279184231e+16
laboratory,4.39782661833e+16,1.69998830073e+17
ax,5.54971350763e+16,1.99170030092e+16
johnna,3.99437712664e+17,-5.55911992844e+16
cream,-1.81610251084e+16,-6.40532319886e+15
ideally,2.86028783073e+17,-4.75599730781e+16
tight,5.83355231582e+16,4.22484777105e+16
httpsubttfreeorg,2.28686443445e+16,3.11332783356e+16
puppy,-1.32048020767e+17,9.46307043244e+15
disgraceful,1.48773920726e+16,-3.10366691118e+16
congress,1.14927006124e+17,2.29640170673e+16
waving,-6.61474161877e+16,3.83469034307e+15
middling,-2.58443410186e+15,6.96852129693e+15
midget,2.451029574e+16,3.94526046322e+16
brotherhood,1.20337868026e+16,1.23050279686e+16
tricky,1.19583718608e+17,4.68082295231e+16
disdained,2.2993099071e+16,-1.67094501468e+16
infanticide,-5.49571558049e+15,-2.33146362528e+15
sobbing,9.65410720565e+15,2.98517494788e+16
thorn,6.75089677359e+16,1.41182827251e+17
groom,9.50634886845e+16,-8.05777100914e+16
mask,3.92195232925e+16,2.0330782757e+16
dyed,-2.95131780509e+16,-5.46013958951e+16
mast,2.45361032159e+16,6.09503629502e+16
mass,-6.39742875981e+17,-3.72320927478e+16
sawing,1.97637112411e+17,1.05792888233e+17
dyer,-4.70716515329e+16,4.51349730591e+16
original,7.39703464099e+15,3.03573008164e+16
consider,4.01281206982e+16,6.21015235183e+16
beware,2.22040260755e+16,1.22647656779e+15
neigh,-7.84223819696e+16,-2.94533889089e+16
welfare,-1.94240930779e+17,7.45149477725e+16
hunting,8.76001473331e+17,1.16131908248e+18
tail,4.31010076804e+16,1.04008263015e+17
chewing,5.50779874259e+16,3.05390012755e+16
dockworker,4.9933266613e+18,-1.57573505272e+18
th,5.57057905735e+16,2.8804056492e+15
ti,4.69199571789e+15,2.14995421714e+16
smile,-6.51716020981e+16,-4.19463528055e+16
shipload,2.6865417842e+16,8.34323296958e+16
paying,2.63114294531e+16,3.38464219702e+15
appointment,2.06154285422e+17,3.25951281171e+16
returned,4.29676356803e+17,-5.31857897403e+16
squiring,-6.39108214487e+16,4.70305039812e+17
eyrie,1.72451320704e+16,1.83104586319e+16
condition,5.41464175169e+16,3.21990019098e+15
harrenhal,1.99918448064e+16,1.77528565222e+16
overprotective,3.93879758669e+16,1.39776672461e+16
laying,-2.77315907713e+17,7.65874762961e+16
joined,3.19964176141e+16,2.36203586231e+16
underclothes,1.12553181348e+17,4.85175389798e+16
large,5.39681191847e+16,5.08649557501e+16
sang,6.84751437735e+15,1.82772707561e+16
sand,6.81175143057e+16,2.03768197033e+16
adjust,9.99027431439e+16,-1.26556774499e+18
small,3.48992365605e+17,1.47815057592e+18
quicker,4.03424839714e+16,-1.45470293771e+17
healed,9.73945906944e+16,-3.59602499411e+16
past,-1.39579574163e+17,1.2354614667e+17
podrick,-3.08835282294e+17,-1.68119544727e+17
pass,-1.49250959507e+16,6.89000290203e+15
turning,-6.24983757493e+16,-4.49599745587e+16
investment,-7.00887123967e+16,-5.20958488565e+17
poisonous,2.4198619549e+16,2.32489261892e+16
prevailed,7.2610226914e+16,-3.22043033327e+16
nurse,3.10142312409e+16,8.71524007017e+15
full,-2.34618724711e+16,-8.91612737285e+15
escaping,9.10496014591e+15,1.71482173899e+16
vomiting,3.53346430488e+16,7.74298901855e+16
smartest,1.97460308121e+16,-4.09279505379e+16
buzzing,8.79442814674e+16,4.23744351468e+16
legend,1.86179804958e+16,-5.17503419685e+16
slynt,5.44190751055e+16,8.23499554041e+15
kayla,-1.60906565828e+15,-1.17049879395e+16
experience,7.45311158457e+17,-9.42518145025e+17
pick,9.7600833176e+16,1.11898665245e+17
action,9.08110637781e+16,3.18294241013e+16
murdering,-1.36319713931e+16,1.07527345792e+17
luck,-1.28714801014e+17,-5.73583359494e+17
smuggle,1.20316727432e+17,-1.29711912841e+16
gawking,3.086964018e+16,1.44574774249e+16
followed,5.2891210732e+16,3.99762703119e+17
follower,1.39905401486e+17,7.36620707256e+16
indoors,4.65318618831e+15,-5.00381720043e+16
captor,1.89001419813e+16,1.23091056683e+15
darkens,-5.04577005393e+17,-1.72489381675e+17
moro,3.80198066322e+16,6.3045079739e+16
gorgeous,7.29130272095e+15,4.53415831012e+15
mord,4.0872255996e+16,2.29688990348e+16
restraint,4.30535489327e+15,-1.39902568158e+16
door,4.0567785955e+16,5.63928158813e+15
company,1.3646740703e+16,-7.97281135756e+15
tested,1.65633606884e+17,3.42563101032e+17
doom,-1.65532085968e+17,-6.59042121797e+16
riverbank,3.74138582493e+16,3.18487680789e+16
cunning,1.24732472362e+15,1.11977852453e+16
keeping,-2.58874097594e+17,-7.99023472992e+15
pleasing,1.29797164788e+17,-1.73363428003e+18
farted,1.80281417151e+17,2.48155147414e+16
thickest,3.14072912304e+15,-9.80805660998e+16
learn,-7.71598834369e+16,1.11496474717e+17
knocked,6.59640239431e+16,-1.42626854888e+16
sunspear,1.90042846436e+16,4.14349511587e+16
seagull,4.74069760638e+16,5.94196091834e+16
male,3.0658569628e+16,3.87910835607e+16
beautiful,4.49152186204e+16,1.85819865643e+16
brightflame,-6.70510579669e+16,1.03239559163e+17
accept,1.26356229351e+17,-1.27136063949e+17
fiercely,-3.62096188542e+15,-3.02741832351e+14
sense,1.18350430131e+16,1.33514538934e+16
scar,1.66007260425e+17,1.42547258902e+17
dress,-2.91524179231e+16,-6.9929627218e+16
condemn,1.82680802317e+17,5.42334678372e+16
information,-4.12073359932e+16,-3.87375293636e+16
impulse,-5.59804825837e+16,4.88341708272e+16
imminent,1.0151148475e+16,3.62456838612e+16
hugh,-3.53823262319e+15,8.90859844169e+15
dismissed,4.67781644027e+16,2.04635884576e+16
glowing,1.09487641588e+17,7.1975172065e+16
freshly,-7.45319515609e+16,-3.52127378708e+17
clink,-1.10066717181e+17,-2.44985459337e+17
unattended,4.41488926587e+16,3.25283956339e+16
creature,-5.90273000007e+17,-7.31204096675e+16
sprinkle,1.47242125774e+16,-6.9367062642e+16
intended,7.23144014142e+15,9.13415234094e+15
countryside,-2.04367295803e+17,2.5457977528e+17
disgraced,6.77015144392e+16,1.20978559667e+17
sympathize,1.8597707278e+16,1.14628428961e+16
zuriff,-3.75919949308e+16,-1.58253243167e+16
pleaded,-3.89289512042e+16,5.47312921454e+16
plank,2.10817128559e+16,6.49716591579e+16
refuse,1.62982713236e+17,-3.90532773612e+16
replied,-9.85838518539e+17,3.83742493637e+16
eddark,4.04965785159e+16,-3.29438567276e+14
pant,2.29344109184e+17,6.92176197583e+17
reminded,-2.23773922795e+17,3.59848973552e+16
eddard,-1.73817693374e+17,2.23264416555e+17
installed,4.59323163495e+15,-7.5107284045e+14
paper,3.82549842894e+16,5.32504524845e+15
brim,-1.39933459043e+17,5.94862891544e+16
smiling,4.25814962028e+17,7.85670687553e+16
aemon,-1.2418375709e+16,1.90758710565e+16
mistreated,-2.40114334661e+17,6.11864793035e+16
mummer,-6.77702967844e+16,3.17345765375e+16
ruining,1.10573991415e+17,1.29766530019e+17
travelling,-8.52492467866e+16,-1.27286156893e+17
ally,2.03138636339e+16,1.98237656258e+16
colleague,-3.89289261317e+15,2.92698305663e+16
lowell,9.97987005833e+16,1.27321525993e+17
propose,-8.56793323541e+15,1.96141437998e+16
martells,2.83626251108e+16,4.62098579928e+16
easterner,-2.84232546675e+17,-2.91065288359e+16
qyburns,-3.3973111949e+17,5.08556733149e+17
always,-5.47801138754e+15,3.96850593001e+16
repayment,3.84124519575e+17,1.63335590076e+17
found,1.498900963e+17,1.99390454764e+17
shocking,2.36252404244e+16,-3.3934587575e+15
begged,3.72153883589e+17,1.25323311189e+18
stevron,-4.04232359496e+16,-1.15599574791e+16
varys,-5.2154712637e+17,1.37446631541e+18
measurement,8.22047958277e+15,2.06080020415e+16
bluer,2.60772126918e+16,7.66107438474e+15
really,-4.48356208327e+17,-1.60236365372e+18
missed,3.13760341708e+17,9.43709745546e+16
research,2.75984715364e+17,-2.21528181608e+17
hood,-1.44444580707e+16,5.7543167446e+16
darling,1.45178721867e+16,4.51496219256e+16
nastiness,-3.46602742994e+17,-3.38494850887e+16
